ALTER SESSION SET current_schema = G212IF685_EQ07;

--INSERT cliente
INSERT INTO cliente (id_cliente, email, ultimo_login, created_at) VALUES (23502281422, 'teste@gmail.com', CURRENT_TIMESTAMP, TIMESTAMP '2022-03-29 04:42:31');
INSERT INTO cliente (id_cliente, email, ultimo_login, created_at) VALUES (24637992051, 'abc@gmail.com', CURRENT_TIMESTAMP, TIMESTAMP '2022-03-29 04:52:31');
INSERT INTO cliente (id_cliente, email, ultimo_login, created_at) VALUES (18679930858, 'dewds@gmail.com', CURRENT_TIMESTAMP, TIMESTAMP '2022-03-29 04:59:31');
INSERT INTO cliente (id_cliente, email, ultimo_login, created_at) VALUES (31831873636, 'doad@gmail.com', CURRENT_TIMESTAMP, TIMESTAMP '2022-03-29 05:33:45');
INSERT INTO cliente (id_cliente, email, ultimo_login, created_at) VALUES (32015940008, 'lodss@gmail.com', CURRENT_TIMESTAMP, TIMESTAMP '2022-03-29 05:58:12');
INSERT INTO cliente (id_cliente, email, ultimo_login, created_at) VALUES (29725754658, 'gofdt@gmail.com', CURRENT_TIMESTAMP, TIMESTAMP '2022-03-29 06:04:15');
INSERT INTO cliente (id_cliente, email, ultimo_login, created_at) VALUES (30681954344, 'lofdwa@gmail.com', CURRENT_TIMESTAMP, TIMESTAMP '2022-03-29 06:17:30');
INSERT INTO cliente (id_cliente, email, ultimo_login, created_at) VALUES (32364847682, 'kfdso2@gmail.com', CURRENT_TIMESTAMP, TIMESTAMP '2022-03-29 08:46:31');
INSERT INTO cliente (id_cliente, email, ultimo_login, created_at) VALUES (15593623489, 'dkao2@gmail.com', CURRENT_TIMESTAMP, TIMESTAMP '2022-03-29 09:50:55');
INSERT INTO cliente (id_cliente, email, ultimo_login, created_at) VALUES (38633038540, 'asdo@gmail.com', CURRENT_TIMESTAMP, TIMESTAMP '2022-03-29 09:52:12');
INSERT INTO cliente (id_cliente, email, ultimo_login, created_at) VALUES (32643943396, 'dkaio2@gmail.com', CURRENT_TIMESTAMP, TIMESTAMP '2022-03-29 10:14:26');
INSERT INTO cliente (id_cliente, email, ultimo_login, created_at) VALUES (36944451044, 'fpawor@gmail.com', CURRENT_TIMESTAMP, TIMESTAMP '2022-03-29 10:24:24');
INSERT INTO cliente (id_cliente, email, ultimo_login, created_at) VALUES (30578155191, 'fspeo@gmail.com', CURRENT_TIMESTAMP, TIMESTAMP '2022-03-29 11:16:17');
INSERT INTO cliente (id_cliente, email, ultimo_login, created_at) VALUES (21512681575, 'dasd3@gmail.com', CURRENT_TIMESTAMP, TIMESTAMP '2022-03-29 14:24:12');
INSERT INTO cliente (id_cliente, email, ultimo_login, created_at) VALUES (17641079155, 'dfs2@gmail.com', CURRENT_TIMESTAMP, TIMESTAMP '2022-03-29 14:32:14');
INSERT INTO cliente (id_cliente, email, ultimo_login, created_at) VALUES (14580539552177, 'yr32s@gmail.com', CURRENT_TIMESTAMP, TIMESTAMP '2022-03-29 15:45:17');
INSERT INTO cliente (id_cliente, email, ultimo_login, created_at) VALUES (16984143115154, 'gerw43@gmail.com', CURRENT_TIMESTAMP, TIMESTAMP '2022-03-29 17:48:49');
INSERT INTO cliente (id_cliente, email, ultimo_login, created_at) VALUES (14969436005771, 'f2fse@gmail.com', CURRENT_TIMESTAMP, TIMESTAMP '2022-03-29 20:33:36');
INSERT INTO cliente (id_cliente, email, ultimo_login, created_at) VALUES (11437446519933, 'hrtrd@gmail.com', CURRENT_TIMESTAMP, TIMESTAMP '2022-03-29 23:33:31');
INSERT INTO cliente (id_cliente, email, ultimo_login, created_at) VALUES (19436408511399, 'hddg@gmail.com', CURRENT_TIMESTAMP, TIMESTAMP '2022-03-30 00:17:31');
INSERT INTO cliente (id_cliente, email, ultimo_login, created_at) VALUES (19315143830483, 'qwetgre@gmail.com', CURRENT_TIMESTAMP, TIMESTAMP '2022-03-30 00:22:41');
INSERT INTO cliente (id_cliente, email, ultimo_login, created_at) VALUES (18625521032442, 'dsfoew@gmail.com', CURRENT_TIMESTAMP, TIMESTAMP '2022-03-30 00:26:58');
INSERT INTO cliente (id_cliente, email, ultimo_login, created_at) VALUES (17471992376608, 'dsçpofs@gmail.com', CURRENT_TIMESTAMP, TIMESTAMP '2022-03-30 02:05:17');
INSERT INTO cliente (id_cliente, email, ultimo_login, created_at) VALUES (17552710894750, 'fdser@gmail.com', CURRENT_TIMESTAMP, TIMESTAMP '2022-03-30 02:08:25');
INSERT INTO cliente (id_cliente, email, ultimo_login, created_at) VALUES (14060694215918, 'iyuw@gmail.com', CURRENT_TIMESTAMP, TIMESTAMP '2022-03-30 03:16:31');
INSERT INTO cliente (id_cliente, email, ultimo_login, created_at) VALUES (15625497183167, 'lopis@gmail.com', CURRENT_TIMESTAMP, TIMESTAMP '2022-03-30 03:44:44');
INSERT INTO cliente (id_cliente, email, ultimo_login, created_at) VALUES (11606369509385, 'xawef@gmail.com', CURRENT_TIMESTAMP, TIMESTAMP '2022-03-30 04:42:31');
INSERT INTO cliente (id_cliente, email, ultimo_login, created_at) VALUES (12085805530955, 'cmsow@gmail.com', CURRENT_TIMESTAMP, TIMESTAMP '2022-03-30 04:55:13');
INSERT INTO cliente (id_cliente, email, ultimo_login, created_at) VALUES (15315562333242, 'dawef@gmail.com', CURRENT_TIMESTAMP, TIMESTAMP '2022-03-30 06:29:49');

--INSERT cliente_pj
INSERT INTO cliente_pj (cnpj, razao_social, nome_fantasia, porte, capital_social, status_cnpj) VALUES (14580539552177, 'Hettinger-Zieme Ltda.', 'Hettinger-Zieme', 'GRANDE', 100000000, 'ATIVO');
INSERT INTO cliente_pj (cnpj, razao_social, nome_fantasia, porte, capital_social, status_cnpj) VALUES (16984143115154, 'Kozey-Reynolds Ltda.', 'Kozey-Reynolds', 'MICRO', 30000, 'ATIVO');
INSERT INTO cliente_pj (cnpj, razao_social, nome_fantasia, porte, capital_social, status_cnpj) VALUES (14969436005771, 'Botsford, Bins and Osinski Ltda.', 'Botsford, Bins and Osinski', 'GRANDE', 20000000, 'ATIVO');
INSERT INTO cliente_pj (cnpj, razao_social, nome_fantasia, porte, capital_social, status_cnpj) VALUES (11437446519933, 'Carroll Inc Ltda.', 'Carroll Inc', 'MEDIA', 830000, 'ATIVO');
INSERT INTO cliente_pj (cnpj, razao_social, nome_fantasia, porte, capital_social, status_cnpj) VALUES (19436408511399, 'Grant, Conn and Morar Ltda.', 'Grant, Conn and Morar', 'MEDIA', 600000, 'ATIVO');
INSERT INTO cliente_pj (cnpj, razao_social, nome_fantasia, porte, capital_social, status_cnpj) VALUES (19315143830483, 'Feil, Smith and Rowe Ltda.', 'Feil, Smith and Rowe', 'GRANDE', 80000000, 'ATIVO');
INSERT INTO cliente_pj (cnpj, razao_social, nome_fantasia, porte, capital_social, status_cnpj) VALUES (18625521032442, 'Bergstrom Group Ltda.', 'Bergstrom Group', 'PEQUENA', 100000, 'ATIVO');
INSERT INTO cliente_pj (cnpj, razao_social, nome_fantasia, porte, capital_social, status_cnpj) VALUES (17471992376608, 'Mayer-Roob Ltda.', 'Mayer-Roob', 'GRANDE', 10000000, 'ATIVO');
INSERT INTO cliente_pj (cnpj, razao_social, nome_fantasia, porte, capital_social, status_cnpj) VALUES (17552710894750, 'Dicki-Breitenberg Ltda.', 'Dicki-Breitenberg', 'PEQUENA', 300000, 'ATIVO');
INSERT INTO cliente_pj (cnpj, razao_social, nome_fantasia, porte, capital_social, status_cnpj) VALUES (14060694215918, 'Goodwin Group S.A.', 'Goodwin Group', 'MEDIA', 650000, 'ATIVO');
INSERT INTO cliente_pj (cnpj, razao_social, nome_fantasia, porte, capital_social, status_cnpj) VALUES (15625497183167, 'Reynolds, Kohler and Williamson S.A.', 'Reynolds, Kohler and Williamson', 'MEDIA', 715000, 'SUSPENSO');
INSERT INTO cliente_pj (cnpj, razao_social, nome_fantasia, porte, capital_social, status_cnpj) VALUES (11606369509385, 'Veum, Hilpert and Will S.A.', 'Veum, Hilpert and Will', 'MEDIA', 525000, 'ATIVO');
INSERT INTO cliente_pj (cnpj, razao_social, nome_fantasia, porte, capital_social, status_cnpj) VALUES (12085805530955, 'Ward LLC S.A.', 'Ward LLC', 'MICRO', 50000, 'ATIVO');
INSERT INTO cliente_pj (cnpj, razao_social, nome_fantasia, porte, capital_social, status_cnpj) VALUES (15315562333242, 'Witting Inc S.A.', 'Witting Inc', 'PEQUENA', 150000, 'SUSPENSO');

--INSERT cliente_pf
INSERT INTO cliente_pf (cpf, nome, sobrenome, data_de_nascimento) VALUES (23502281422, 'Concordia', 'Glader', DATE '1940-10-23');
INSERT INTO cliente_pf (cpf, nome, sobrenome, data_de_nascimento) VALUES (24637992051, 'Lilia', 'Brogan', DATE '1952-04-25');
INSERT INTO cliente_pf (cpf, nome, sobrenome, data_de_nascimento) VALUES (18679930858, 'Pippa', 'Breznovic', DATE '1944-07-25');
INSERT INTO cliente_pf (cpf, nome, sobrenome, data_de_nascimento) VALUES (31831873636, 'Teodora', 'Morey', DATE '1990-01-09');
INSERT INTO cliente_pf (cpf, nome, sobrenome, data_de_nascimento) VALUES (32015940008, 'Hakim', 'Whillock', DATE '1975-06-02');
INSERT INTO cliente_pf (cpf, nome, sobrenome, data_de_nascimento) VALUES (29725754658, 'Cyndi', 'Findlay', DATE '1950-09-16');
INSERT INTO cliente_pf (cpf, nome, sobrenome, data_de_nascimento) VALUES (30681954344, 'Annaliese', 'Rabbage', DATE '1997-05-29');
INSERT INTO cliente_pf (cpf, nome, sobrenome, data_de_nascimento) VALUES (32364847682, 'Corabelle', 'MacCarroll', DATE '1982-04-12');
INSERT INTO cliente_pf (cpf, nome, sobrenome, data_de_nascimento) VALUES (15593623489, 'Viviyan', 'Le Brom', DATE '2001-04-06');
INSERT INTO cliente_pf (cpf, nome, sobrenome, data_de_nascimento) VALUES (38633038540, 'Mickie', 'Kiendl', DATE '1950-09-05');
INSERT INTO cliente_pf (cpf, nome, sobrenome, data_de_nascimento) VALUES (32643943396, 'Eloisa', 'Marham', DATE '1979-03-10');
INSERT INTO cliente_pf (cpf, nome, sobrenome, data_de_nascimento) VALUES (36944451044, 'Cordy', 'Bassick', DATE '1962-12-17');
INSERT INTO cliente_pf (cpf, nome, sobrenome, data_de_nascimento) VALUES (30578155191, 'Nancie', 'Mockler', DATE '1966-01-15');
INSERT INTO cliente_pf (cpf, nome, sobrenome, data_de_nascimento) VALUES (21512681575, 'Jacquelyn', 'Moresby', DATE '1948-03-07');
INSERT INTO cliente_pf (cpf, nome, sobrenome, data_de_nascimento) VALUES (17641079155, 'Osborne', 'Crady', DATE '1958-04-20');

--INSERT telefone_cliente
INSERT INTO telefone_cliente (id_cliente, telefone) VALUES (23502281422, 81988888888);
INSERT INTO telefone_cliente (id_cliente, telefone) VALUES (24637992051, 81911111111);
INSERT INTO telefone_cliente (id_cliente, telefone) VALUES (18679930858, 81922222222);
INSERT INTO telefone_cliente (id_cliente, telefone) VALUES (31831873636, 81933333333);
INSERT INTO telefone_cliente (id_cliente, telefone) VALUES (32015940008, 81944444444);
INSERT INTO telefone_cliente (id_cliente, telefone) VALUES (29725754658, 51955555555);
INSERT INTO telefone_cliente (id_cliente, telefone) VALUES (30681954344, 11955555555);
INSERT INTO telefone_cliente (id_cliente, telefone) VALUES (32364847682, 61911111111);
INSERT INTO telefone_cliente (id_cliente, telefone) VALUES (15593623489, 21911155852);
INSERT INTO telefone_cliente (id_cliente, telefone) VALUES (38633038540, 31915811111);
INSERT INTO telefone_cliente (id_cliente, telefone) VALUES (32643943396, 41918158812);
INSERT INTO telefone_cliente (id_cliente, telefone) VALUES (36944451044, 21915811441);
INSERT INTO telefone_cliente (id_cliente, telefone) VALUES (30578155191, 21991188181);
INSERT INTO telefone_cliente (id_cliente, telefone) VALUES (21512681575, 11911548111);
INSERT INTO telefone_cliente (id_cliente, telefone) VALUES (17641079155, 71911591111);
INSERT INTO telefone_cliente (id_cliente, telefone) VALUES (14580539552177, 21998421254);
INSERT INTO telefone_cliente (id_cliente, telefone) VALUES (16984143115154, 21994253254);
INSERT INTO telefone_cliente (id_cliente, telefone) VALUES (14969436005771, 21998421251);
INSERT INTO telefone_cliente (id_cliente, telefone) VALUES (11437446519933, 81992584288);
INSERT INTO telefone_cliente (id_cliente, telefone) VALUES (19436408511399, 81991258288);
INSERT INTO telefone_cliente (id_cliente, telefone) VALUES (19315143830483, 81992584266);
INSERT INTO telefone_cliente (id_cliente, telefone) VALUES (18625521032442, 51992582028);
INSERT INTO telefone_cliente (id_cliente, telefone) VALUES (17471992376608, 51992552288);
INSERT INTO telefone_cliente (id_cliente, telefone) VALUES (17552710894750, 51982584858);
INSERT INTO telefone_cliente (id_cliente, telefone) VALUES (14060694215918, 51992662288);
INSERT INTO telefone_cliente (id_cliente, telefone) VALUES (15625497183167, 31992524288);
INSERT INTO telefone_cliente (id_cliente, telefone) VALUES (11606369509385, 51992542288);
INSERT INTO telefone_cliente (id_cliente, telefone) VALUES (12085805530955, 51995252288);
INSERT INTO telefone_cliente (id_cliente, telefone) VALUES (15315562333242, 21984236552);

--INSERT endereco_cliente
INSERT INTO endereco_cliente (id_cliente, CEP, logradouro, bairro, cidade, UF, numero) VALUES (23502281422, 91927550, 'Rua dos Bêbados', 'Nova Recife', 'Recife', 'PE', 13); 
INSERT INTO endereco_cliente (id_cliente, CEP, logradouro, bairro, cidade, UF, numero) VALUES (24637992051, 30457550, 'Avenida Capibaribe', 'Cohab', 'Belo Horizonte', 'RS', 113); 
INSERT INTO endereco_cliente (id_cliente, CEP, logradouro, bairro, cidade, UF, numero) VALUES (18679930858, 32812911, 'Rua da Calada', 'Primavera', 'Sorocaba', 'SP', 24);
INSERT INTO endereco_cliente (id_cliente, CEP, logradouro, bairro, cidade, UF, numero) VALUES (31831873636, 38904191, 'Rua Tancredo Neves', 'Michel Teló', 'Palmas', 'TO', 47); 
INSERT INTO endereco_cliente (id_cliente, CEP, logradouro, bairro, cidade, UF, numero) VALUES (32015940008, 34972973, 'Rua Ulysses Guimarães', 'Marilia Mendonça', 'Belém', 'PA', 62); 
INSERT INTO endereco_cliente (id_cliente, CEP, logradouro, bairro, cidade, UF, numero) VALUES (29725754658, 10298310, 'Rua Getúlio Vargas', 'Nova Silmaria', 'Fortaleza', 'CE', 98); 
INSERT INTO endereco_cliente (id_cliente, CEP, logradouro, bairro, cidade, UF, numero) VALUES (30681954344, 65161521, 'Rua JK', 'Piranhas', 'Niterói', 'RJ', 101); 
INSERT INTO endereco_cliente (id_cliente, CEP, logradouro, bairro, cidade, UF, numero) VALUES (32364847682, 14929445, 'Rua Dom João VI', 'Pousada Nova', 'Jaboatão', 'PE', 43); 
INSERT INTO endereco_cliente (id_cliente, CEP, logradouro, bairro, cidade, UF, numero) VALUES (15593623489, 19515624, 'Rua da Moeda', 'Vila Aparecida', 'Maceió', 'AL', 12); 
INSERT INTO endereco_cliente (id_cliente, CEP, logradouro, bairro, cidade, UF, numero) VALUES (38633038540, 13464792, 'Rua Alfonso Olindense', 'Arara', 'Belo Horizonte', 'MG', 54); 
INSERT INTO endereco_cliente (id_cliente, CEP, logradouro, bairro, cidade, UF, numero) VALUES (32643943396, 18927319, 'Rua Marechal Deodoro da Fonseca', 'São Mineiro', 'Porto Alegre', 'RS', 88); 
INSERT INTO endereco_cliente (id_cliente, CEP, logradouro, bairro, cidade, UF, numero) VALUES (36944451044, 18927391, 'Rua Lampião', 'Santos', 'Camaragibe', 'PE', 96); 
INSERT INTO endereco_cliente (id_cliente, CEP, logradouro, bairro, cidade, UF, numero) VALUES (30578155191, 36982173, 'Rua do Lula', 'Libertadores da América', 'Cuiabá', 'MT', 49); 
INSERT INTO endereco_cliente (id_cliente, CEP, logradouro, bairro, cidade, UF, numero) VALUES (21512681575, 21129711, 'Rua do Leblon', 'America Mineiro', 'Campo Grande', 'MS', 213); 
INSERT INTO endereco_cliente (id_cliente, CEP, logradouro, bairro, cidade, UF, numero) VALUES (17641079155, 39847921, 'Rua do Futebol', 'Nova Hamburgo', 'Goiânia', 'GO', 158); 
INSERT INTO endereco_cliente (id_cliente, CEP, logradouro, bairro, cidade, UF, numero) VALUES (14580539552177, 18271829, 'Avenida Amarildo ', 'São José', 'Brasília', 'DF', 145); 
INSERT INTO endereco_cliente (id_cliente, CEP, logradouro, bairro, cidade, UF, numero) VALUES (16984143115154, 18273123, 'Avenida José Sarney', 'Sentimentos', 'Brasília', 'DF', 247); 
INSERT INTO endereco_cliente (id_cliente, CEP, logradouro, bairro, cidade, UF, numero) VALUES (14969436005771, 18927112, 'Avenida José Bonifacio', 'Boa Viagem', 'Curitiba', 'PR', 124); 
INSERT INTO endereco_cliente (id_cliente, CEP, logradouro, bairro, cidade, UF, numero) VALUES (11437446519933, 17923691, 'Rua Américo Miranda', 'Jampa', 'Caruaru', 'PE', 24); 
INSERT INTO endereco_cliente (id_cliente, CEP, logradouro, bairro, cidade, UF, numero) VALUES (19436408511399, 12891731, 'Rua dos Imigrantes', 'Moiseis', 'Salvador', 'BA', 324); 
INSERT INTO endereco_cliente (id_cliente, CEP, logradouro, bairro, cidade, UF, numero) VALUES (19315143830483, 19038102, 'Rua Cristiano Ronaldo', 'Fluminense', 'Itabaiana', 'PB', 425); 
INSERT INTO endereco_cliente (id_cliente, CEP, logradouro, bairro, cidade, UF, numero) VALUES (18625521032442, 10928312, 'Rua Messi', 'São Pedro', 'Vitória', 'ES', 114); 
INSERT INTO endereco_cliente (id_cliente, CEP, logradouro, bairro, cidade, UF, numero) VALUES (17471992376608, 29017312, 'Rua Neymar Jr', 'Cohab II', 'Ouro Preto', 'MG', 98); 
INSERT INTO endereco_cliente (id_cliente, CEP, logradouro, bairro, cidade, UF, numero) VALUES (17552710894750, 18723182, 'Rua Centímetro Quadrado', 'Mundial do Palmeiras', 'São Paulo', 'SP', 896); 
INSERT INTO endereco_cliente (id_cliente, CEP, logradouro, bairro, cidade, UF, numero) VALUES (14060694215918, 21893611, 'Rua Gigante', 'Foz do Iguaçu', 'Rio de Janeiro', 'RJ', 78); 
INSERT INTO endereco_cliente (id_cliente, CEP, logradouro, bairro, cidade, UF, numero) VALUES (15625497183167, 21092331, 'Avenida Caxangá', 'Guanabara', 'Rio de Janeiro', 'SP', 354);
INSERT INTO endereco_cliente (id_cliente, CEP, logradouro, bairro, cidade, UF, numero) VALUES (11606369509385, 23961267, 'Avenida Coxinha', 'Nova São Paulo', 'João Pessoa', 'PB', 554);
INSERT INTO endereco_cliente (id_cliente, CEP, logradouro, bairro, cidade, UF, numero) VALUES (12085805530955, 12837192, 'Rua dos Gatos', 'Várzea', 'Rondonópolis', 'MT', 668); 
INSERT INTO endereco_cliente (id_cliente, CEP, logradouro, bairro, cidade, UF, numero) VALUES (15315562333242, 47582303, 'Rua dos Apaixonados', 'Cohab', 'Formosa', 'GO', 784); 

-- INSERT produto
INSERT INTO produto (SKU, nome, descricao, preco) VALUES ('0000000001', 'Multilaser MO251', 'Mouse com um design anatômico, com um alcance de 10 metros com plug & play e com um super dpi de 1200.', 29.90);
INSERT INTO produto (SKU, nome, descricao, preco) VALUES ('0000000002', 'Multilaser MO300', 'MOUSE OPTICO FULL BLACK, 1200 DPI.', 9.90);
INSERT INTO produto (SKU, nome, descricao, preco) VALUES ('0000000003', 'Mouse Gamer Redragon Cobra', 'Mouse com design inteligente com até 2400DPI e 8 botões programaveis', 114.90);
INSERT INTO produto (SKU, nome, descricao, preco) VALUES ('0000000004', 'Teclado Multilaser Slim com Fio USB Teclas Silenciosas Preto - TC213', 'Teclado preto silencioso e eficiente', 49.90);
INSERT INTO produto (SKU, nome, descricao, preco) VALUES ('0000000005', 'TC195', 'Kit teclado e mouse gamers com teclas hotkeys', 115.90);
INSERT INTO produto (SKU, nome, descricao, preco) VALUES ('0000000006', 'Monitor LG Ultrawide', 'Monitor com tela curva e Full HD.', 1299.99);
INSERT INTO produto (SKU, nome, descricao, preco) VALUES ('0000000007', 'Monitor Hp infinity', 'Monitor com tela antirreflexo e FullHD', 899.90);
INSERT INTO produto (SKU, nome, descricao, preco) VALUES ('0000000008', 'Razer Dracula', 'Mousepad bem espaçado com led', 120.19);
INSERT INTO produto (SKU, nome, descricao, preco) VALUES ('0000000009', 'Teclado gamer infernal viserion', 'Teclado Ótimo para gamers e silencioso', 349.90);
INSERT INTO produto (SKU, nome, descricao, preco) VALUES ('0000000010', 'The Batmouse', 'Mouse do Batman equipado com o cinto de utilidades', 179.90);
INSERT INTO produto (SKU, nome, descricao, preco) VALUES ('0000000011', 'GAMEMAX Gabinete ATX Gamer Infinit TR', 'Gabinete Grande e bem ventilado para seu PC', 500.00);
INSERT INTO produto (SKU, nome, descricao, preco) VALUES ('0000000012', 'Gabinete Mini - ATX/Micro - ATX, Fortrek', 'Gabinete Simples e bonito Para seu PC', 90.50);
INSERT INTO produto (SKU, nome, descricao, preco) VALUES ('0000000013', 'PLACA DE VIDEO ASUS GEFORCE RTX 3080 TI 12GB GDDR6X 384 BITS', 'Placa de video para turbinar o seu PC', 2229.90);
INSERT INTO produto (SKU, nome, descricao, preco) VALUES ('0000000014', 'Placa de Vídeo GALAX - GeForce RTX 3070', 'Placa de video 8GB GDDR6', 29.90);
INSERT INTO produto (SKU, nome, descricao, preco) VALUES ('0000000015', 'Computador Desktop Business', 'Intel Core i3 3.0Ghz / 4Gb DDR3 / HD 500GB / Monitor LED 19 Kit ', 1259.00);

-- INSERT estoque 
INSERT INTO estoque (SKU, quantidade) VALUES ('0000000001', 1000);
INSERT INTO estoque (SKU, quantidade) VALUES ('0000000002', 378);
INSERT INTO estoque (SKU, quantidade) VALUES ('0000000003', 1257);
INSERT INTO estoque (SKU, quantidade) VALUES ('0000000004', 448);
INSERT INTO estoque (SKU, quantidade) VALUES ('0000000005', 178);
INSERT INTO estoque (SKU, quantidade) VALUES ('0000000006', 432);
INSERT INTO estoque (SKU, quantidade) VALUES ('0000000007', 779);
INSERT INTO estoque (SKU, quantidade) VALUES ('0000000008', 389);
INSERT INTO estoque (SKU, quantidade) VALUES ('0000000009', 1197);
INSERT INTO estoque (SKU, quantidade) VALUES ('0000000010', 27);
INSERT INTO estoque (SKU, quantidade) VALUES ('0000000011', 42);
INSERT INTO estoque (SKU, quantidade) VALUES ('0000000012', 754);
INSERT INTO estoque (SKU, quantidade) VALUES ('0000000013', 792);
INSERT INTO estoque (SKU, quantidade) VALUES ('0000000014', 394);
INSERT INTO estoque (SKU, quantidade) VALUES ('0000000015', 27);

-- INSERT categoria
INSERT INTO categoria (SKU, categoria) VALUES ('0000000001', 'MOUSE');
INSERT INTO categoria (SKU, categoria) VALUES ('0000000002', 'MOUSE');
INSERT INTO categoria (SKU, categoria) VALUES ('0000000003', 'MOUSE');
INSERT INTO categoria (SKU, categoria) VALUES ('0000000004', 'TECLADO');
INSERT INTO categoria (SKU, categoria) VALUES ('0000000005', 'TECLADO E MOUSE');
INSERT INTO categoria (SKU, categoria) VALUES ('0000000006', 'MONITOR');
INSERT INTO categoria (SKU, categoria) VALUES ('0000000007', 'MONNITOR');
INSERT INTO categoria (SKU, categoria) VALUES ('0000000008', 'MOUSEPAD');
INSERT INTO categoria (SKU, categoria) VALUES ('0000000009', 'TECLADO');
INSERT INTO categoria (SKU, categoria) VALUES ('0000000010', 'MOUSE');
INSERT INTO categoria (SKU, categoria) VALUES ('0000000011', 'GABINETE');
INSERT INTO categoria (SKU, categoria) VALUES ('0000000012', 'GABINETE');
INSERT INTO categoria (SKU, categoria) VALUES ('0000000013', 'PLACA DE VIDEO');
INSERT INTO categoria (SKU, categoria) VALUES ('0000000014', 'PLACA DE VIDEO');
INSERT INTO categoria (SKU, categoria) VALUES ('0000000015', 'COMPUTADOR');

-- INSERT avaliacao_produto
INSERT INTO avaliacao_produto (id_avaliacao, SKU, nota) VALUES (avaliacao_produto_seq.nextval, '0000000001', 4.5);
INSERT INTO avaliacao_produto (id_avaliacao, SKU, nota) VALUES (avaliacao_produto_seq.nextval, '0000000002', 1.0);
INSERT INTO avaliacao_produto (id_avaliacao, SKU, nota) VALUES (avaliacao_produto_seq.nextval, '0000000004', 3.5);
INSERT INTO avaliacao_produto (id_avaliacao, SKU, nota) VALUES (avaliacao_produto_seq.nextval, '0000000007', 2.0);
INSERT INTO avaliacao_produto (id_avaliacao, SKU, nota) VALUES (avaliacao_produto_seq.nextval, '0000000008', 4.5);
INSERT INTO avaliacao_produto (id_avaliacao, SKU, nota) VALUES (avaliacao_produto_seq.nextval, '0000000007', 5.0);
INSERT INTO avaliacao_produto (id_avaliacao, SKU, nota) VALUES (avaliacao_produto_seq.nextval, '0000000008', 3.5);
INSERT INTO avaliacao_produto (id_avaliacao, SKU, nota) VALUES (avaliacao_produto_seq.nextval, '0000000014', 4.0);
INSERT INTO avaliacao_produto (id_avaliacao, SKU, nota) VALUES (avaliacao_produto_seq.nextval, '0000000014', 4.5);
INSERT INTO avaliacao_produto (id_avaliacao, SKU, nota) VALUES (avaliacao_produto_seq.nextval, '0000000003', 3.0);
INSERT INTO avaliacao_produto (id_avaliacao, SKU, nota) VALUES (avaliacao_produto_seq.nextval, '0000000012', 3.5);
INSERT INTO avaliacao_produto (id_avaliacao, SKU, nota) VALUES (avaliacao_produto_seq.nextval, '0000000004', 2.0);
INSERT INTO avaliacao_produto (id_avaliacao, SKU, nota) VALUES (avaliacao_produto_seq.nextval, '0000000007', 5.0);
INSERT INTO avaliacao_produto (id_avaliacao, SKU, nota) VALUES (avaliacao_produto_seq.nextval, '0000000009', 2.0);
INSERT INTO avaliacao_produto (id_avaliacao, SKU, nota) VALUES (avaliacao_produto_seq.nextval, '0000000015', 3.0);
INSERT INTO avaliacao_produto (id_avaliacao, SKU, nota) VALUES (avaliacao_produto_seq.nextval, '0000000007', 5.0);
INSERT INTO avaliacao_produto (id_avaliacao, SKU, nota) VALUES (avaliacao_produto_seq.nextval, '0000000005', 2.5);
INSERT INTO avaliacao_produto (id_avaliacao, SKU, nota) VALUES (avaliacao_produto_seq.nextval, '0000000006', 4.0);
INSERT INTO avaliacao_produto (id_avaliacao, SKU, nota) VALUES (avaliacao_produto_seq.nextval, '0000000015', 3.0);
INSERT INTO avaliacao_produto (id_avaliacao, SKU, nota) VALUES (avaliacao_produto_seq.nextval, '0000000008', 3.0);
INSERT INTO avaliacao_produto (id_avaliacao, SKU, nota) VALUES (avaliacao_produto_seq.nextval, '0000000005', 2.5);
INSERT INTO avaliacao_produto (id_avaliacao, SKU, nota) VALUES (avaliacao_produto_seq.nextval, '0000000006', 1.0);
INSERT INTO avaliacao_produto (id_avaliacao, SKU, nota) VALUES (avaliacao_produto_seq.nextval, '0000000015', 4.0);
INSERT INTO avaliacao_produto (id_avaliacao, SKU, nota) VALUES (avaliacao_produto_seq.nextval, '0000000002', 4.0);
INSERT INTO avaliacao_produto (id_avaliacao, SKU, nota) VALUES (avaliacao_produto_seq.nextval, '0000000001', 3.5);
INSERT INTO avaliacao_produto (id_avaliacao, SKU, nota) VALUES (avaliacao_produto_seq.nextval, '0000000005', 5.0);

-- INSERT pedido
INSERT INTO pedido (id_pedido, id_cliente, valor_total, status, data_pedido) VALUES (pedido_seq.nextval, 23502281422, 1829.70, 'EM ENTREGA', TIMESTAMP '2022-03-30 08:42:31');
INSERT INTO pedido (id_pedido, id_cliente, valor_total, status, data_pedido) VALUES (pedido_seq.nextval, 24637992051, 1799.80, 'FINALIZADO', TIMESTAMP '2022-03-30 09:33:18');
INSERT INTO pedido (id_pedido, id_cliente, valor_total, status, data_pedido) VALUES (pedido_seq.nextval, 17471992376608, 89.50, 'EM ENTREGA', TIMESTAMP '2022-03-30 10:08:37');
INSERT INTO pedido (id_pedido, id_cliente, valor_total, status, data_pedido) VALUES (pedido_seq.nextval, 17552710894750, 29.90, 'EM ENTREGA', TIMESTAMP '2022-03-30 11:19:44');
INSERT INTO pedido (id_pedido, id_cliente, valor_total, status, data_pedido) VALUES (pedido_seq.nextval, 15625497183167, 59.80, 'AGUARDANDO PAGAMENTO', TIMESTAMP '2022-03-30 11:51:29');
INSERT INTO pedido (id_pedido, id_cliente, valor_total, status, data_pedido) VALUES (pedido_seq.nextval, 11606369509385, 5036.00, 'AGUARDANDO PAGAMENTO', TIMESTAMP '2022-03-30 12:42:31');
INSERT INTO pedido (id_pedido, id_cliente, valor_total, status, data_pedido) VALUES (pedido_seq.nextval, 18625521032442, 3899.97, 'FINALIZADO', TIMESTAMP '2022-03-30 14:33:58');
INSERT INTO pedido (id_pedido, id_cliente, valor_total, status, data_pedido) VALUES (pedido_seq.nextval, 23502281422, 749.70, 'FINALIZADO', TIMESTAMP '2022-03-30 16:12:31');
INSERT INTO pedido (id_pedido, id_cliente, valor_total, status, data_pedido) VALUES (pedido_seq.nextval, 11437446519933, 349.90, 'EM ENTREGA', TIMESTAMP '2022-03-30 17:11:21');
INSERT INTO pedido (id_pedido, id_cliente, valor_total, status, data_pedido) VALUES (pedido_seq.nextval, 15593623489, 120.19, 'AGUARDANDO PAGAMENTO', TIMESTAMP '2022-03-30 17:29:45');
INSERT INTO pedido (id_pedido, id_cliente, valor_total, status, data_pedido) VALUES (pedido_seq.nextval, 14969436005771, 3899.97, 'FINALIZADO', TIMESTAMP '2022-03-30 20:42:31');
INSERT INTO pedido (id_pedido, id_cliente, valor_total, status, data_pedido) VALUES (pedido_seq.nextval, 16984143115154, 114.90, 'AGUARDANDO PAGAMENTO', TIMESTAMP '2022-03-30 22:42:31');
INSERT INTO pedido (id_pedido, id_cliente, valor_total, status, data_pedido) VALUES (pedido_seq.nextval, 14580539552177, 485.60, 'FINALIZADO', TIMESTAMP '2022-03-30 23:44:58');
INSERT INTO pedido (id_pedido, id_cliente, valor_total, status, data_pedido) VALUES (pedido_seq.nextval, 38633038540, 59.80, 'FINALIZADO', TIMESTAMP '2022-03-30 23:52:11');
INSERT INTO pedido (id_pedido, id_cliente, valor_total, status, data_pedido) VALUES (pedido_seq.nextval, 15625497183167, 199.60, 'FINALIZADO', TIMESTAMP '2022-03-31 00:18:15');
INSERT INTO pedido (id_pedido, id_cliente, valor_total, status, data_pedido) VALUES (pedido_seq.nextval, 17641079155, 1000.00, 'EM ENTREGA', TIMESTAMP '2022-03-31 01:22:48');
INSERT INTO pedido (id_pedido, id_cliente, valor_total, status, data_pedido) VALUES (pedido_seq.nextval, 11606369509385, 6689.70, 'AGUARDANDO PAGAMENTO', TIMESTAMP '2022-03-31 08:42:31');
INSERT INTO pedido (id_pedido, id_cliente, valor_total, status, data_pedido) VALUES (pedido_seq.nextval, 17641079155, 90.50, 'EM ENTREGA', TIMESTAMP '2022-03-31 08:47:25');
INSERT INTO pedido (id_pedido, id_cliente, valor_total, status, data_pedido) VALUES (pedido_seq.nextval, 12085805530955, 3488.90, 'FINALIZADO', TIMESTAMP '2022-03-31 19:38:31');

-- INSERT pagamento
INSERT INTO pagamento (id_pagamento, id_pedido, id_cliente, valor_pagamento, status_pagamento, data_pagamento) VALUES (pagamento_seq.nextval, 1, 23502281422, 1829.70, 'PAGO', TIMESTAMP '2022-04-01 12:50:00');
INSERT INTO pagamento (id_pagamento, id_pedido, id_cliente, valor_pagamento, status_pagamento, data_pagamento) VALUES (pagamento_seq.nextval, 2, 24637992051, 1799.80, 'PAGO', TIMESTAMP '2022-04-01 02:00:00');
INSERT INTO pagamento (id_pagamento, id_pedido, id_cliente, valor_pagamento, status_pagamento, data_pagamento) VALUES (pagamento_seq.nextval, 3, 17471992376608, 89.50, 'PAGO', TIMESTAMP '2022-04-01 12:25:00');
INSERT INTO pagamento (id_pagamento, id_pedido, id_cliente, valor_pagamento, status_pagamento, data_pagamento) VALUES (pagamento_seq.nextval, 4, 17552710894750, 29.90, 'PAGO', TIMESTAMP '2022-04-01 22:52:00');
INSERT INTO pagamento (id_pagamento, id_pedido, id_cliente, valor_pagamento, status_pagamento)                 VALUES (pagamento_seq.nextval, 5, 15625497183167, 59.80, 'AGUARDANDO PAGAMENTO');
INSERT INTO pagamento (id_pagamento, id_pedido, id_cliente, valor_pagamento, status_pagamento)                 VALUES (pagamento_seq.nextval, 6, 11606369509385, 5036.00, 'AGUARDANDO PAGAMENTO');
INSERT INTO pagamento (id_pagamento, id_pedido, id_cliente, valor_pagamento, status_pagamento, data_pagamento) VALUES (pagamento_seq.nextval, 7, 18625521032442, 3899.97, 'PAGO', TIMESTAMP '2022-04-01 12:02:00');
INSERT INTO pagamento (id_pagamento, id_pedido, id_cliente, valor_pagamento, status_pagamento, data_pagamento) VALUES (pagamento_seq.nextval, 8, 23502281422, 749.70, 'PAGO', TIMESTAMP '2022-03-31 08:04:00');
INSERT INTO pagamento (id_pagamento, id_pedido, id_cliente, valor_pagamento, status_pagamento, data_pagamento) VALUES (pagamento_seq.nextval, 9, 11437446519933, 349.90, 'PAGO', TIMESTAMP '2022-04-01 07:42:00');
INSERT INTO pagamento (id_pagamento, id_pedido, id_cliente, valor_pagamento, status_pagamento)                 VALUES (pagamento_seq.nextval, 10, 15593623489, 120.19, 'AGUARDANDO PAGAMENTO');
INSERT INTO pagamento (id_pagamento, id_pedido, id_cliente, valor_pagamento, status_pagamento, data_pagamento) VALUES (pagamento_seq.nextval, 11, 14969436005771, 3899.97, 'PAGO', TIMESTAMP '2022-03-31 12:45:12');
INSERT INTO pagamento (id_pagamento, id_pedido, id_cliente, valor_pagamento, status_pagamento)                 VALUES (pagamento_seq.nextval, 12, 16984143115154, 114.90, 'AGUARDANDO PAGAMENTO');
INSERT INTO pagamento (id_pagamento, id_pedido, id_cliente, valor_pagamento, status_pagamento, data_pagamento) VALUES (pagamento_seq.nextval, 13, 14580539552177, 485.60, 'PAGO', TIMESTAMP '2022-03-31 06:15:12');
INSERT INTO pagamento (id_pagamento, id_pedido, id_cliente, valor_pagamento, status_pagamento, data_pagamento) VALUES (pagamento_seq.nextval, 14, 38633038540, 59.80, 'PAGO',TIMESTAMP '2022-03-31 18:25:12');
INSERT INTO pagamento (id_pagamento, id_pedido, id_cliente, valor_pagamento, status_pagamento, data_pagamento) VALUES (pagamento_seq.nextval, 15, 15625497183167, 199.60, 'PAGO', TIMESTAMP '2022-03-31 05:50:18');
INSERT INTO pagamento (id_pagamento, id_pedido, id_cliente, valor_pagamento, status_pagamento, data_pagamento) VALUES (pagamento_seq.nextval, 16, 17641079155, 1000.00, 'PAGO', TIMESTAMP '2022-03-31 02:44:12');
INSERT INTO pagamento (id_pagamento, id_pedido, id_cliente, valor_pagamento, status_pagamento)                 VALUES (pagamento_seq.nextval, 17, 11606369509385, 6689.70, 'AGUARDANDO PAGAMENTO');
INSERT INTO pagamento (id_pagamento, id_pedido, id_cliente, valor_pagamento, status_pagamento, data_pagamento) VALUES (pagamento_seq.nextval, 18, 17641079155, 90.50, 'PAGO', TIMESTAMP '2022-03-31 09:48:12');
INSERT INTO pagamento (id_pagamento, id_pedido, id_cliente, valor_pagamento, status_pagamento, data_pagamento) VALUES (pagamento_seq.nextval, 19, 12085805530955, 3488.90, 'PAGO', TIMESTAMP '2022-03-31 20:20:15');

-- INSERT detalhe_pedido
INSERT INTO detalhe_pedido (id_pedido, SKU, quantidade) VALUES (1, '0000000001', 1);
INSERT INTO detalhe_pedido (id_pedido, SKU, quantidade) VALUES (1, '0000000007', 2);
INSERT INTO detalhe_pedido (id_pedido, SKU, quantidade) VALUES (2, '0000000007', 2);
INSERT INTO detalhe_pedido (id_pedido, SKU, quantidade) VALUES (3, '0000000001', 2);
INSERT INTO detalhe_pedido (id_pedido, SKU, quantidade) VALUES (3, '0000000002', 3);
INSERT INTO detalhe_pedido (id_pedido, SKU, quantidade) VALUES (4, '0000000014', 1);
INSERT INTO detalhe_pedido (id_pedido, SKU, quantidade) VALUES (5, '0000000001', 2);
INSERT INTO detalhe_pedido (id_pedido, SKU, quantidade) VALUES (6, '0000000015', 4);
INSERT INTO detalhe_pedido (id_pedido, SKU, quantidade) VALUES (7, '0000000006', 3);
INSERT INTO detalhe_pedido (id_pedido, SKU, quantidade) VALUES (8, '0000000004', 1);
INSERT INTO detalhe_pedido (id_pedido, SKU, quantidade) VALUES (8, '0000000009', 2);
INSERT INTO detalhe_pedido (id_pedido, SKU, quantidade) VALUES (9, '0000000009', 1);
INSERT INTO detalhe_pedido (id_pedido, SKU, quantidade) VALUES (10, '0000000008', 1);
INSERT INTO detalhe_pedido (id_pedido, SKU, quantidade) VALUES (11, '0000000006', 3);
INSERT INTO detalhe_pedido (id_pedido, SKU, quantidade) VALUES (12, '0000000003', 1);
INSERT INTO detalhe_pedido (id_pedido, SKU, quantidade) VALUES (13, '0000000002', 1);
INSERT INTO detalhe_pedido (id_pedido, SKU, quantidade) VALUES (13, '0000000005', 1);
INSERT INTO detalhe_pedido (id_pedido, SKU, quantidade) VALUES (13, '0000000010', 2);
INSERT INTO detalhe_pedido (id_pedido, SKU, quantidade) VALUES (14, '0000000001', 2);
INSERT INTO detalhe_pedido (id_pedido, SKU, quantidade) VALUES (15, '0000000004', 4);
INSERT INTO detalhe_pedido (id_pedido, SKU, quantidade) VALUES (16, '0000000011', 2);
INSERT INTO detalhe_pedido (id_pedido, SKU, quantidade) VALUES (17, '0000000013', 3);
INSERT INTO detalhe_pedido (id_pedido, SKU, quantidade) VALUES (18, '0000000012', 1);
INSERT INTO detalhe_pedido (id_pedido, SKU, quantidade) VALUES (19, '0000000015', 1);
INSERT INTO detalhe_pedido (id_pedido, SKU, quantidade) VALUES (19, '0000000013', 1);

--INSERT entrega
INSERT INTO entrega (id_entrega, id_pedido, nome_destinatario, data_postagem, data_estimada_entrega, status_entrega)               VALUES (entrega_seq.nextval, 1, 'João Pedro da Silva', TIMESTAMP '2022-04-02 08:00:00', TIMESTAMP '2022-04-05 12:00:00', 'EM TRANSITO');
INSERT INTO entrega (id_entrega, id_pedido, nome_destinatario, data_postagem, data_estimada_entrega, data_entrega, status_entrega) VALUES (entrega_seq.nextval, 2, 'David Ubaldo', TIMESTAMP '2022-04-01 15:00:00', TIMESTAMP '2022-04-03 12:00:00',TIMESTAMP '2022-04-03 10:00:00', 'ENTREGUE');
INSERT INTO entrega (id_entrega, id_pedido, nome_destinatario, data_postagem, data_estimada_entrega, data_entrega, status_entrega) VALUES (entrega_seq.nextval, 3, 'Gabriel Felipo', TIMESTAMP '2022-04-02 08:00:00', TIMESTAMP '2022-04-04 12:00:00',TIMESTAMP '2022-04-03 16:00:00', 'ENTREGUE');
INSERT INTO entrega (id_entrega, id_pedido, nome_destinatario, data_postagem, data_estimada_entrega, status_entrega)               VALUES (entrega_seq.nextval, 4, 'Nattan Heimann', TIMESTAMP '2022-04-02 08:00:00', TIMESTAMP '2022-04-15 12:00:00', 'EM TRANSITO');
INSERT INTO entrega (id_entrega, id_pedido, nome_destinatario, status_entrega)                                                     VALUES (entrega_seq.nextval, 5, 'Arthur Aguiar', 'EM PROCESSAMENTO');
INSERT INTO entrega (id_entrega, id_pedido, nome_destinatario, status_entrega)                                                     VALUES (entrega_seq.nextval, 6, 'Vanessa Barbosa', 'EM PROCESSAMENTO');
INSERT INTO entrega (id_entrega, id_pedido, nome_destinatario, data_postagem, data_estimada_entrega, data_entrega, status_entrega) VALUES (entrega_seq.nextval, 7, 'Jade Picon', TIMESTAMP '2022-04-02 08:45:00', TIMESTAMP '2022-04-07 12:00:00', TIMESTAMP '2022-04-07 14:00:00', 'ENTREGUE');
INSERT INTO entrega (id_entrega, id_pedido, nome_destinatario, data_postagem, data_estimada_entrega, data_entrega, status_entrega) VALUES (entrega_seq.nextval, 8, 'Concordia Glader', TIMESTAMP '2022-04-01 08:00:00', TIMESTAMP '2022-04-06 12:00:00',TIMESTAMP '2022-04-06 09:00:00', 'ENTREGUE');
INSERT INTO entrega (id_entrega, id_pedido, nome_destinatario, data_postagem, data_estimada_entrega, status_entrega)               VALUES (entrega_seq.nextval, 9, 'Tiago Abravanel', TIMESTAMP '2022-04-02 08:00:00', TIMESTAMP '2022-04-15 12:00:00', 'EM TRANSITO');
INSERT INTO entrega (id_entrega, id_pedido, nome_destinatario, status_entrega)                                                     VALUES (entrega_seq.nextval, 10, 'João Victor', 'EM PROCESSAMENTO');
INSERT INTO entrega (id_entrega, id_pedido, nome_destinatario, data_postagem, data_estimada_entrega, status_entrega)               VALUES (entrega_seq.nextval, 11, 'Elias Samuel', TIMESTAMP '2022-04-01 08:00:00', TIMESTAMP '2022-04-12 12:00:00', 'EM TRANSITO');
INSERT INTO entrega (id_entrega, id_pedido, nome_destinatario, status_entrega)                                                     VALUES (entrega_seq.nextval, 12, 'Ruth Lima', 'EM PROCESSAMENTO');
INSERT INTO entrega (id_entrega, id_pedido, nome_destinatario, data_postagem, data_estimada_entrega, data_entrega, status_entrega) VALUES (entrega_seq.nextval, 13, 'Ana Clara Lima', TIMESTAMP '2022-04-01 08:00:00', TIMESTAMP '2022-04-03 12:00:00', TIMESTAMP '2022-04-03 17:00:00', 'ENTREGUE');
INSERT INTO entrega (id_entrega, id_pedido, nome_destinatario, data_postagem, data_estimada_entrega, data_entrega, status_entrega) VALUES (entrega_seq.nextval, 14, 'Victoria Gomes', TIMESTAMP '2022-04-01 08:00:00', TIMESTAMP '2022-04-03 12:00:00', TIMESTAMP '2022-04-03 09:00:00', 'ENTREGUE');
INSERT INTO entrega (id_entrega, id_pedido, nome_destinatario, data_postagem, data_estimada_entrega, data_entrega, status_entrega) VALUES (entrega_seq.nextval, 15, 'Arthur Aguiar', TIMESTAMP '2022-03-31 12:00:00', TIMESTAMP '2021-04-03 12:00:00', TIMESTAMP '2021-04-03 18:00:00', 'ENTREGUE');
INSERT INTO entrega (id_entrega, id_pedido, nome_destinatario, data_postagem, data_estimada_entrega, status_entrega)               VALUES (entrega_seq.nextval, 16, 'Osborne Crady', TIMESTAMP '2022-03-31 12:00:00', TIMESTAMP '2022-04-02 12:00:00', 'EM TRANSITO');
INSERT INTO entrega (id_entrega, id_pedido, nome_destinatario, status_entrega)                                                     VALUES (entrega_seq.nextval, 17, 'Vanessa Barbosa', 'EM PROCESSAMENTO');
INSERT INTO entrega (id_entrega, id_pedido, nome_destinatario, data_postagem, data_estimada_entrega, status_entrega)               VALUES (entrega_seq.nextval, 18, 'Osborne Crady', TIMESTAMP '2022-04-01 08:00:00', TIMESTAMP '2022-04-07 12:00:00', 'EM TRANSITO');
INSERT INTO entrega (id_entrega, id_pedido, nome_destinatario, data_postagem, data_estimada_entrega, data_entrega, status_entrega) VALUES (entrega_seq.nextval, 19, 'Mateus Quirino', TIMESTAMP '2022-04-01 08:00:00', TIMESTAMP '2022-04-03 12:00:00',TIMESTAMP '2022-04-03 12:00:00','ENTREGUE');

--INSERT telefone_entrega
INSERT INTO telefone_entrega (id_entrega, telefone) VALUES (1, 81985428222);
INSERT INTO telefone_entrega (id_entrega, telefone) VALUES (2, 81985111511);
INSERT INTO telefone_entrega (id_entrega, telefone) VALUES (3, 51992552288);
INSERT INTO telefone_entrega (id_entrega, telefone) VALUES (4, 51982584858);
INSERT INTO telefone_entrega (id_entrega, telefone) VALUES (5, 31992524288);
INSERT INTO telefone_entrega (id_entrega, telefone) VALUES (6, 51992542288);
INSERT INTO telefone_entrega (id_entrega, telefone) VALUES (7, 51992582028);
INSERT INTO telefone_entrega (id_entrega, telefone) VALUES (8, 81988888888);
INSERT INTO telefone_entrega (id_entrega, telefone) VALUES (9, 81992584288);
INSERT INTO telefone_entrega (id_entrega, telefone) VALUES (10, 21981455852);
INSERT INTO telefone_entrega (id_entrega, telefone) VALUES (11, 21998421251);
INSERT INTO telefone_entrega (id_entrega, telefone) VALUES (12, 21994253254);
INSERT INTO telefone_entrega (id_entrega, telefone) VALUES (13, 21998421254);
INSERT INTO telefone_entrega (id_entrega, telefone) VALUES (14, 31985814012);
INSERT INTO telefone_entrega (id_entrega, telefone) VALUES (15, 31992524288);
INSERT INTO telefone_entrega (id_entrega, telefone) VALUES (16, 71911591111);
INSERT INTO telefone_entrega (id_entrega, telefone) VALUES (17, 51992542288);
INSERT INTO telefone_entrega (id_entrega, telefone) VALUES (18, 71911591111);
INSERT INTO telefone_entrega (id_entrega, telefone) VALUES (19, 51995252288);

--INSERT endereco_entrega
INSERT INTO endereco_entrega (id_entrega, CEP, logradouro, bairro, cidade, UF, numero) VALUES (1, 28145235, 'Rua da Verdade', 'São Leopoldo', 'Camaragibe', 'PE', 15); 
INSERT INTO endereco_entrega (id_entrega, CEP, logradouro, bairro, cidade, UF, numero) VALUES (2, 65212452, 'Avenida Coração', 'Vila Velha', 'Gramado', 'RS', 219); 
INSERT INTO endereco_entrega (id_entrega, CEP, logradouro, bairro, cidade, UF, numero) VALUES (3, 29017312, 'Rua Neymar Jr', 'Cohab II', 'Ouro Preto', 'MG', 98); 
INSERT INTO endereco_entrega (id_entrega, CEP, logradouro, bairro, cidade, UF, numero) VALUES (4, 18723182, 'Rua Centímetro Quadrado', 'Mundial do Palmeiras', 'São Paulo', 'SP', 896); 
INSERT INTO endereco_entrega (id_entrega, CEP, logradouro, bairro, cidade, UF, numero) VALUES (5, 21092331, 'Avenida Caxangá', 'Guanabara', 'Rio de Janeiro', 'SP', 354); 
INSERT INTO endereco_entrega (id_entrega, CEP, logradouro, bairro, cidade, UF, numero) VALUES (6, 23961267, 'Avenida Coxinha', 'Nova São Paulo', 'João Pessoa', 'PB', 554); 
INSERT INTO endereco_entrega (id_entrega, CEP, logradouro, bairro, cidade, UF, numero) VALUES (7, 10928312, 'Rua Messi', 'São Pedro', 'Vitória', 'ES', 114); 
INSERT INTO endereco_entrega (id_entrega, CEP, logradouro, bairro, cidade, UF, numero) VALUES (8, 30457550, 'Avenida Capibaribe', 'Cohab', 'Belo Horizonte', 'RS', 113); 
INSERT INTO endereco_entrega (id_entrega, CEP, logradouro, bairro, cidade, UF, numero) VALUES (9, 17923691, 'Rua Américo Miranda', 'Jampa', 'Caruaru', 'PE', 24); 
INSERT INTO endereco_entrega (id_entrega, CEP, logradouro, bairro, cidade, UF, numero) VALUES (10, 42142150, 'Rua das Palmeiras', 'Camarão', 'Uberlândia', 'MG', 123); 
INSERT INTO endereco_entrega (id_entrega, CEP, logradouro, bairro, cidade, UF, numero) VALUES (11, 18927319, 'Rua Marechal Deodoro da Fonseca', 'São Mineiro', 'Porto Alegre', 'RS', 88); 
INSERT INTO endereco_entrega (id_entrega, CEP, logradouro, bairro, cidade, UF, numero) VALUES (12, 18273123, 'Avenida José Sarney', 'Sentimentos', 'Brasília', 'DF', 247); 
INSERT INTO endereco_entrega (id_entrega, CEP, logradouro, bairro, cidade, UF, numero) VALUES (13, 18271829, 'Avenida Amarildo ', 'São José', 'Brasília', 'DF', 145); 
INSERT INTO endereco_entrega (id_entrega, CEP, logradouro, bairro, cidade, UF, numero) VALUES (14, 31245111, 'Rua Maurício de Souza', 'Campo Verde', 'Maracaju', 'MS', 372); 
INSERT INTO endereco_entrega (id_entrega, CEP, logradouro, bairro, cidade, UF, numero) VALUES (15, 21092331, 'Avenida Caxangá', 'Guanabara', 'Rio de Janeiro', 'SP', 354);
INSERT INTO endereco_entrega (id_entrega, CEP, logradouro, bairro, cidade, UF, numero) VALUES (16, 39847921, 'Rua do Futebol', 'Nova Hamburgo', 'Goiânia', 'GO', 158); 
INSERT INTO endereco_entrega (id_entrega, CEP, logradouro, bairro, cidade, UF, numero) VALUES (17, 23961267, 'Avenida Coxinha', 'Nova São Paulo', 'João Pessoa', 'PB', 554);
INSERT INTO endereco_entrega (id_entrega, CEP, logradouro, bairro, cidade, UF, numero) VALUES (18, 39847921, 'Rua do Futebol', 'Nova Hamburgo', 'Goiânia', 'GO', 158); 
INSERT INTO endereco_entrega (id_entrega, CEP, logradouro, bairro, cidade, UF, numero) VALUES (19, 12837192, 'Rua dos Gatos', 'Várzea', 'Rondonópolis', 'MT', 668);


